UnixDate,Price,Date,1d_change,5d_change,10d_change,20d_change,30d_change,50d_change,100d_change,150d_change,200d_change,250d_change,Stock Name,ticker_id
1586447235000,236.85,2020-04-09,0.057602143335566014,0.1384282624369142,0.2316692667706708,-0.1035200605601817,-0.22458667539695532,-0.1497038233710286,0.043162299053072006,0.10162790697674406,0.06737269040108163,0.21742482652274475,Cosmo Films,818.0
1586447759000,14.3,2020-04-09,0.153225806451613,0.2118644067796609,0.4019607843137256,-0.0714285714285714,-0.16129032258064513,-0.3741794310722101,-0.292079207920792,-0.21212121212121204,-0.3410138248847926,-0.45210727969348663,SPIC,3745.0
1586448060000,139.1,2020-04-09,-0.008199643493761233,0.07662538699690402,0.096570752857706,-0.36324101625085836,-0.46499999999999997,-0.49801515698303866,-0.46106160402944607,-0.3770712046574116,-0.4332858015889183,-0.5143156424581006,Subros,3866.0
1586447939000,219.5,2020-04-09,0.04998804113848365,0.27579192095321114,0.6265283438310487,1.644578313253012,10.198979591836734,58.32432432432432,45.702127659574465,31.043795620437955,33.84126984126984,31.279411764705884,Ruchi Soya Inds.,3324.0
1586448060000,945.95,2020-04-09,0.03213311511183847,0.030783480440230937,0.13491301739652073,-0.2039133179044813,-0.23778252286370405,-0.24996035521725335,-0.24178422571336955,-0.3066407681594957,-0.2957489577129243,-0.325405598145837,United Breweries,7939.0
1586447936000,2801.7,2020-04-09,0.009421556087982452,0.041930865207608914,0.184801454729987,-0.06500917737360257,-0.07723470127132603,-0.11735240375527689,-0.12324951886216784,0.04664064105198262,-0.022861626994507,-0.06429096252755329,Britannia Inds.,611.0
1586447995000,342.7,2020-04-09,0.0744630819877723,0.05853281853281844,0.1558178752107926,-0.2513380666302567,-0.35321317353968107,-0.36212191717077713,-0.3143943182954887,-0.15257171117705237,-0.18820324529195787,-0.13710185068613867,ICICI Bank,1622.0
1586447030000,6.2,2020-04-09,0.04201680672268915,0.20388349514563098,0.08771929824561409,-0.16216216216216217,-0.33333333333333337,-0.4833333333333333,-0.43378995433789946,-0.5457875457875458,-0.6828644501278772,-0.7940199335548173,SPML Infra,3863.0
1586447999000,636.25,2020-04-09,0.007362254591513517,-0.008183943881527656,0.07875551034248907,-0.09681311661579961,-0.2005403028208833,-0.18230304588099222,-0.09610740161954823,-0.21153726996716038,-0.15183629940678534,-0.16216750065841457,Infosys,1764.0
1586448060000,25.25,2020-04-09,0.012024048096192397,0.04338842975206614,0.10989010989010994,-0.22782874617737014,-0.35089974293059123,-0.3856447688564477,-0.14551607445008463,-0.01941747572815533,-0.3184885290148447,-0.47938144329896903,Sunflag Iron & Steel Co.,3895.0
1586447893000,1272.9,2020-04-09,0.07178040668547125,-0.017861965201959706,0.10408534998698937,-0.1934226784526185,-0.2415313570683747,-0.21345815182129935,-0.21559081805576952,-0.12265223834304018,-0.1292540274309949,-0.04968457202583143,Kotak Mahindra Bank,2118.0
1586447822000,0.1,2020-04-09,0.0,0.0,0.0,0.0,0.0,0.0,0.0,1.0,1.0,0.0,Uttam Value Steels,2230.0
1586447933000,232.35,2020-04-09,0.04993221870763653,0.3457862728062553,0.48751600512163895,-0.14702643171806162,-0.3151068533529845,-0.3385994876174211,-0.14404125990053418,-0.05702110389610393,-0.37932416188059304,-0.47891904014352993,Wockhardt,4479.0
1586448060000,874.1,2020-04-09,0.06176738536289106,0.10491720389331305,0.17030392288124263,-0.17917175321626444,-0.28825014249653935,-0.18601294407971314,0.01303818740221363,0.1734461001476708,0.1832148900169206,-0.1271656098656948,Balkrishna Industries,438.0
1586448060000,4.07,2020-04-09,0.09703504043126698,0.3129032258064517,0.3171521035598708,0.06266318537859017,-0.2217973231357553,-0.17943548387096764,0.37966101694915255,0.18658892128279891,-0.205078125,0.17971014492753623,Brightcom Group,7179.0
1586448060000,68.3,2020-04-09,0.04996156802459639,0.09455128205128194,0.04996156802459639,-0.4509646302250805,-0.6626327488268708,-0.6184357541899441,-0.49834741094381196,-0.42556770395290167,-0.5045339136742837,-0.5256944444444445,Welspun Corp,5755.0
1586448060000,24.05,2020-04-09,0.02123142250530785,0.10321100917431192,0.19059405940594076,-0.2988338192419824,-0.45526613816534534,-0.4926160337552742,-0.5457979225684608,-0.509683995922528,-0.5701519213583557,-0.600166251039069,Welspun India,4441.0
1586448060000,27.9,2020-04-09,0.02010968921389389,0.16981132075471694,0.21568627450980382,-0.34583821805392734,-0.5403624382207579,-0.4833333333333334,-0.4794776119402986,-0.31449631449631454,-0.18181818181818188,-0.4861878453038674,Indo Count Inds.,1721.0
1586447441000,109.8,2020-04-09,0.047210300429184615,0.2316320807627592,0.5113558155540261,-0.20290381125226864,-0.3709538814093384,-0.4399387911247131,-0.4685382381413359,-0.43343653250773995,-0.5375868603916614,-0.5500921942224954,GHCL,1395.0
1586447969000,366.0,2020-04-09,0.01949860724233976,-0.026207263535985126,0.026647966339411022,-0.32027114866747153,-0.33077345035655514,-0.3668915412558381,-0.2937771345875543,-0.22119374401532077,-0.368148467846353,-0.39444076770350756,Kajaria Ceramics,1971.0
1586448060000,40.5,2020-04-09,0.04381443298969079,-0.010989010989011061,0.265625,-0.10694597574421172,-0.28381962864721477,-0.2548298068077277,-0.039145907473309594,-0.018181818181818188,-0.24860853432282004,-0.4343575418994413,Man Industries (India),2335.0
1586448060000,4.05,2020-04-09,0.04922279792746109,0.2272727272727273,0.19822485207100593,-0.1649484536082474,-0.3467741935483871,-0.513221153846154,-0.6798418972332017,-0.7928388746803069,-0.8521897810218978,-0.9319327731092437,Jain Irrigation Systems,1860.0
1586447962000,1408.1,2020-04-09,0.02968921389396706,0.030593573885676628,0.3244603301509663,0.0054266333452337445,-0.003538320005661344,0.19726213757333566,0.4505279423126447,0.406833849535418,0.4969436028278318,0.3639093374660982,Ajanta Pharma,6424.0
1586447888000,5198.8,2020-04-09,0.08955255160850895,0.06871139159840056,0.3068714571209512,-0.1032299797317694,-0.10581355349157207,-0.13646216582092408,-0.13621107898846907,-0.09920555849151413,-0.22658772073372102,-0.273322980454865,TTK Prestige,4007.0
1586448060000,26.25,2020-04-09,0.050000000000000044,0.45833333333333326,0.5217391304347827,-0.217585692995529,-0.31906614785992216,-0.32950191570881227,-0.284741144414169,-0.26367461430575034,-0.3128272251308901,-0.5244565217391304,Filatex India,1152.0
1586447996000,60017.9,2020-04-09,0.04976409215928923,0.03186568427965897,0.14107460972628094,-0.06604151607835751,-0.12859293760989154,-0.1463738464372093,-0.0614944371036974,0.04296154444341149,0.0988304607486663,-0.00616326185914573,MRF,2261.0
1586447495000,585.25,2020-04-09,0.017472183588316925,0.15765008406685777,0.24190981432360736,0.023164335664335622,-0.088466630324741,-0.1058742647620502,0.03574904875674734,0.08299407846039975,0.1326688600735435,0.029554050488169503,Natco Pharma,2613.0
1586447996000,91.6,2020-04-09,0.07891637220259118,0.11435523114355228,0.01327433628318575,-0.30182926829268286,-0.4762721555174386,-0.48740906547285956,-0.3618948101706724,-0.026049973418394545,-0.39557901682613006,-0.5044630781714904,Jindal Steel & Power,6170.0
1586447990000,140.8,2020-04-09,0.02511831088460159,0.005355230274901812,0.10129057489245219,-0.10857866413421957,-0.19473834715470395,-0.2717869149211274,-0.3000248570718369,-0.25502645502645493,-0.45918955252544646,-0.404399323181049,Coal India,4673.0
1586447897000,21.7,2020-04-09,-0.006864988558352492,0.08771929824561409,0.13910761154855633,0.0796019900497511,0.006960556844547439,-0.218018018018018,-0.07066381156316925,-0.05446623093681913,-0.11428571428571432,-0.14901960784313728,NHPC,5107.0
1586447950000,1602.75,2020-04-09,-0.008444691907943613,0.1511941102531873,0.17641661773341144,0.09518603300420247,0.09357942139737996,0.3013031299476312,0.4378953034584847,0.7072326374094591,0.7704075996907103,0.6822356336919444,Ipca Laboratories,1807.0
1586447994000,142.45,2020-04-09,0.03149891383055747,0.03524709302325579,0.09282700421940926,-0.2866800200300451,-0.42386248736097076,-0.3821296898720452,-0.30034381139489197,0.07631280695126552,-0.03717472118959109,-0.06066600725354443,Adani Enterprises,57.0
1586447999000,187.75,2020-04-09,0.025956284153005438,-0.046228092456184866,0.024836244541484698,-0.25922272637601096,-0.41864065644836657,-0.4062302340290955,-0.416744330537434,-0.3160291438979964,-0.4478753124540509,-0.4293313069908815,State Bank of India,3820.0
1586447998000,3.3,2020-04-09,0.031249999999999778,0.06451612903225801,-0.014925373134328401,0.0,-0.2500000000000001,-0.4545454545454546,0.11864406779661008,-0.3400000000000001,-0.7272727272727273,-0.8140845070422535,Vodafone Idea,6883.0
1586447938000,47.5,2020-04-09,0.03825136612021862,0.10208816705336421,0.09953703703703698,-0.2737003058103976,-0.4088363410080895,-0.5533615420780442,-0.5933219178082192,-0.7516989022477784,-0.8161408941358622,-0.8312011371712864,Indian Bank,5858.0
1586448060000,166.4,2020-04-09,0.07597801487229217,0.13622396722430885,0.12928401764506292,-0.2733624454148471,-0.357032457496136,-0.36693931900323384,-0.319983653453208,-0.21509433962264146,-0.3677811550151975,-0.42222222222222217,JSW Steel,1922.0
1586447979000,185.25,2020-04-09,0.03694374475230888,0.07891671520093202,0.23747494989979967,0.04542889390519189,-0.08743842364532017,-0.21035805626598458,-0.2609216038300419,-0.23196517412935325,-0.326608505997819,-0.378147029204431,ITC,1642.0
1586447996000,129.5,2020-04-09,0.08915054667788058,0.0034870205346764216,-0.003079291762894565,-0.352176088044022,-0.4162722560288483,-0.4511549057003602,-0.38698224852071006,-0.32831950207468885,-0.3969732246798603,-0.36049382716049383,City Union Bank,7239.0
1586447856000,522.0,2020-04-09,0.03973707798028081,0.09193598995920915,0.37314218071813765,-0.15826816092880747,-0.2950232966439328,-0.3477445957765838,-0.3009240658899157,-0.143208863356586,-0.12927439532944118,-0.2757544224765869,Amara Raja Batteries,161.0
1586447989000,460.2,2020-04-09,0.05032523108524489,0.11388115696478285,0.4110072052736471,-0.02355187778485046,-0.08690476190476193,-0.09941291585127199,0.12175502742230337,-0.22145153104381665,-0.26042587384491767,-0.41468998410174884,Aurobindo Pharma,363.0
1586447992000,83.4,2020-04-09,0.020183486238532167,0.02143294549908137,0.046424090338770485,-0.16096579476861161,-0.2455902306648574,-0.2899106002554278,-0.3667425968109338,-0.32551556813586735,-0.4709800190294957,-0.4726525450521657,Indian Oil Corp.,1699.0
1586447770000,341.35,2020-04-09,0.0499846201168872,0.3697833065810596,0.40012305168170625,-0.2546943231441048,-0.3486308558343668,-0.4456804157193893,-0.3081678151601134,-0.20245327102803734,-0.29121677740863783,-0.5023327015599941,Jubilant Life Sciences,4293.0
1586448060000,14.79,2020-04-09,-0.003369272237196852,0.08749999999999991,0.06402877697841713,-0.07562500000000005,-0.18512396694214872,-0.2889423076923078,-0.23762886597938138,-0.00671591672263272,-0.2511392405063292,-0.29905213270142184,Kkalpana lndustries,1978.0
1586447998000,352.2,2020-04-09,-0.008445945945945943,-0.08424336973478952,0.16160949868073882,-0.2958816473410636,-0.40526849037487345,-0.3149858990566955,-0.26078287333403294,-0.17507904906897764,-0.15244856214655278,-0.19414254661938002,Max Financial Services,2390.0
1586448060000,28.65,2020-04-09,0.0052631578947368585,0.10192307692307678,0.1814432989690722,-0.09621451104100953,-0.27284263959390864,-0.3845327604726101,-0.4337944664031621,-0.41351074718526104,-0.6473846153846154,-0.6793508673754897,Nahar Spinning Mills,2595.0
1586448060000,503.0,2020-04-09,0.06567796610169485,0.09193530880277878,-0.0037631214101802035,-0.34717715768981183,-0.39059849769808574,-0.4015822973053358,-0.38019838580494114,-0.30606332344623033,-0.33337750977403746,-0.2875858650237235,Blue Star,583.0
1586447757000,2550.35,2020-04-09,0.005123455573728508,0.29341211076174045,0.4025627629444277,0.21465482342295128,0.17476220087979932,0.25809634215524246,0.4310523805515809,0.5226424669393115,0.6872415732195429,0.3491416933372127,Torrent Pharmaceuticals,4126.0
1586447911000,27774.35,2020-04-09,0.033641106942955634,0.07275806663422246,0.2742251818480024,-0.18097185750493572,-0.18380232125881046,0.009829479348458348,0.022681790314949213,0.12382152770472032,0.11626958290128364,0.23300718734600911,Honeywell Automation,4039.0
1586447860000,24.25,2020-04-09,0.09977324263038545,0.2435897435897436,0.19753086419753085,-0.24806201550387597,-0.4128329297820823,-0.540719696969697,-0.5076142131979695,-0.4012345679012346,-0.6283524904214559,-0.7352620087336245,Prakash Industries,2985.0
1586447954000,13742.3,2020-04-09,0.04436675912907995,0.04935895967440196,-0.03281134532146257,-0.2316642252513167,-0.23441012370508008,-0.3485579657931662,-0.3555492507286374,-0.16904704317329788,-0.30354731056641926,-0.3323633007020187,Eicher Motors,1029.0
1586448060000,381.8,2020-04-09,0.11653750548325781,0.2979772225055246,0.41643479873863853,0.02551705613752353,-0.30252100840336127,-0.44538059267867514,-0.2925699462664444,0.2444589308996088,0.08404315729699041,-0.08055388320288981,Avanti Feeds,374.0
1586448060000,381.8,2020-04-09,0.11653750548325781,0.2979772225055246,0.41643479873863853,0.02551705613752353,-0.30252100840336127,-0.44538059267867514,-0.2925699462664444,0.2444589308996088,0.08404315729699041,-0.08055388320288981,Avanti Feeds,374.0
1586447996000,1990.9,2020-04-09,0.09291027365300697,0.24707945754643124,0.22362558003749133,0.017816517982669255,-0.08849922168299595,-0.18929044080219892,-0.21716734822271144,-0.21856540084388187,-0.25372966489242077,-0.22531566761999255,Hero Motocorp,1518.0
1586448060000,88.0,2020-04-09,0.03834808259587019,0.023851076207097144,0.04018912529550844,-0.2287467134092901,-0.3410707600149757,-0.35953420669577874,-0.375886524822695,-0.4248366013071896,-0.6437246963562753,-0.5212187159956474,Electrotherm (I),1049.0
1586447996000,87.1,2020-04-09,0.02230046948356801,0.03444180522565321,0.12314635718891043,-0.15354713313896995,-0.2060164083865087,-0.23022536456031828,-0.2577758841073712,-0.2924451665312754,-0.34214501510574025,-0.35553089160192386,NTPC,5109.0
1586447996000,940.65,2020-04-09,0.049949771179819136,0.11359062389013852,0.4784282907662083,-0.02634302867198013,-0.3403807720626907,-0.45761978896384703,-0.4563502384048548,-0.30707182320441995,-0.4688594014680971,-0.5827122704285335,Venky's (India),4324.0
1586447690000,16.7,2020-04-09,0.0060240963855420215,0.021406727828745975,0.043749999999999956,-0.1045576407506702,-0.343811394891945,-0.2983193277310925,-0.22863741339491916,0.10596026490066213,0.12457912457912457,-0.13695090439276492,GMR Infrastructure,6707.0
1586448060000,63.3,2020-04-09,0.06386554621848739,0.10955302366345321,0.15405651777575202,-0.0711665443873809,-0.27073732718894006,-0.5064327485380118,-0.5167938931297711,-0.606832298136646,-0.6521978021978022,-0.6531506849315069,Jayant Agro-Organics,1893.0
1586447968000,65.1,2020-04-09,0.024390243902439046,0.08409658617818483,0.20444033302497688,-0.03412462908011882,-0.20366972477064227,-0.3453996983408749,-0.361764705882353,-0.3852691218130313,-0.42794376098418285,-0.4568210262828536,Engineers India,1081.0
1586447915000,219.55,2020-04-09,0.0034277879341864104,-0.04252071522023548,0.02258965999068474,-0.4377000896401587,-0.49707937235139155,-0.5533516427626894,-0.4471165953160413,-0.48918101442531403,-0.5947392708814028,-0.6215633887787642,Cyient,5968.0
1586447940000,474.3,2020-04-09,0.023300970873786353,-0.04749472838638413,0.11626265003530256,-0.10025609409086589,-0.16540559563610757,-0.1540176580754481,-0.02667761132772417,0.28137241658786993,0.4835783547075385,0.42904489304007254,Berger Paints India,488.0
1586448060000,21.0,2020-04-09,0.050000000000000044,0.15384615384615397,-0.10447761194029848,-0.45876288659793807,-0.6296296296296297,-0.5328142380422692,-0.5670103092783505,-0.5399780941949617,-0.832,-0.8796216680997421,Simplex Infrastructures,3671.0
1586447996000,260.7,2020-04-09,0.016770670826833145,-0.10871794871794871,0.024361493123772116,-0.31520882584712373,-0.4110471026770586,-0.4890739833414993,-0.4343061733752849,-0.38687676387582315,-0.5114317841079461,-0.5465298312750044,Sundram Fasteners,3894.0
1586447996000,1242.45,2020-04-09,0.0019354058304101862,0.00921939728697918,0.1505231965922771,-0.17480822236243487,-0.29380168812345464,-0.32862314924889224,-0.2824015247776366,-0.17527381347494186,-0.10624752724526132,-0.10162689804772229,Bata India,467.0
1586447997000,420.15,2020-04-09,0.07359141433499405,0.10857519788918202,0.38594755071746656,-0.3261967765215299,-0.42084223585360814,-0.43242147922998986,-0.413934997907658,-0.364516372986463,-0.45839510151466323,-0.452501954652072,Axis Bank,5745.0
1586447964000,70.15,2020-04-09,0.056475903614457756,-0.057756883814640614,0.20017108639863124,0.006456241032998689,-0.14399023794996946,-0.30988686669945886,-0.3694382022471909,-0.32999044890162366,-0.36111111111111105,-0.3044124938026771,Bharat Electronics,516.0
1586448060000,817.15,2020-04-09,0.110258152173913,0.038178122220810407,0.31058540497193254,-0.15874813404025334,-0.1930578185947761,-0.1811714013728143,-0.14871340764662988,-0.10227959351826421,-0.10030278007156623,-0.27576885580076216,Ceat,670.0
1586448060000,418.0,2020-04-09,0.10000000000000009,0.18296306777982152,0.09624967217414104,-0.3564280215550424,-0.43585936972805184,-0.4468338516508965,-0.4584439981861761,-0.4659511945828543,-0.4679226069246436,-0.5141229803556899,Steel Strips Wheels,3828.0
1586447524000,262.5,2020-04-09,0.050000000000000044,0.23529411764705888,0.6640253565768621,-0.14993523316062174,-0.2600422832980972,-0.27904421862125794,-0.1852886405959031,-0.23846823324630106,-0.35535363457760316,-0.5218579234972678,Heritage Foods,1516.0
1586447997000,284.85,2020-04-09,0.036760691537761625,0.05656528189910981,0.04762780433983105,-0.11619609059882097,-0.3143579251414128,-0.3840415180019461,-0.2779467680608364,-0.15109521680822524,-0.3968875714588185,-0.46320550268538574,Tata Steel,4043.0
1586447990000,40.95,2020-04-09,0.002447980416156792,-0.0024360535931788885,0.08333333333333348,-0.43788606726149615,-0.5274091171379112,-0.5718766335598536,-0.5142348754448398,-0.4906716417910447,-0.6096282173498571,-0.5795687885010267,Federal Bank,1140.0
1586447996000,41.0,2020-04-09,-0.004854368932038944,0.09333333333333327,0.18326118326118324,-0.0454016298020955,-0.22201138519924102,-0.3183707398171238,-0.2931034482758621,0.48282097649186273,0.4137931034482758,0.07752956636005259,Shipping Corp. of India,3571.0
1586448060000,96.85,2020-04-09,0.04986449864498632,0.2991281019450034,0.4422933730454206,-0.01575203252032531,-0.21674080064698753,-0.2886522218141756,-0.15855777584708952,-0.08675153229608679,-0.22520000000000007,-0.3306841741534209,JK Paper,4651.0
1586448060000,9.51,2020-04-09,-0.049950049950049924,0.1527272727272726,-0.034517766497461966,-0.4111455108359132,-0.6045738045738046,-0.8563444108761329,-0.9029096477794794,-0.9117810760667904,-0.940188679245283,-0.9414769230769231,Gayatri Projects,6741.0
1586447990000,162.05,2020-04-09,0.04212218649517685,0.03778418187640087,0.14888337468982638,-0.29003285870755746,-0.37589062199114187,-0.35154061624649857,-0.19578163771712154,-0.12452728254997292,-0.27053792482556827,-0.36600156494522684,Asahi India Glass,291.0
1586448060000,68.6,2020-04-09,-0.0036310820624546603,0.06604506604506599,0.09409888357256757,-0.2960492560287328,-0.39877300613496935,-0.3397497593840232,-0.27060074428495484,-0.03786816269284721,-0.20509849362688304,-0.2444933920704846,JM Financial,1843.0
1586447792000,10.15,2020-04-09,0.06282722513089012,0.12154696132596676,0.16000000000000014,-0.06451612903225801,-0.39940828402366857,-0.40294117647058825,-0.41329479768786126,-0.45721925133689834,-0.5,-0.5671641791044776,HFCL,1533.0
1586448060000,787.75,2020-04-09,0.11682143616644214,0.3358487366457519,0.3312209547950993,0.20978269216002454,0.17007055328629783,0.04774888608100025,0.061300101044122535,0.07169580300659817,0.11146384479717808,0.014031022719958708,Lupin,2240.0
1586448060000,902.5,2020-04-09,0.0016648168701443034,-0.0011068068622025473,0.07159819520303956,-0.28279095641117336,-0.31527635522172903,-0.2378821145076846,-0.0623863695392447,-0.018861770940914346,-0.08175204761662513,0.009338477884023977,Ratnamani Metals & Tubes,3220.0
1586448060000,29.6,2020-04-09,0.003389830508474523,0.03135888501742157,-0.1150971599402093,-0.1777777777777777,-0.22614379084967318,-0.15428571428571425,-0.13450292397660824,0.05714285714285716,-0.581033262561925,-0.6609392898052692,Hind. National Glass & Inds.,1587.0
1586447715000,30.15,2020-04-09,0.04869565217391303,0.26680672268907557,0.2615062761506277,-0.3329646017699116,-0.4710526315789474,-0.4837328767123288,-0.7868504772004241,-0.7746636771300449,-0.8627674101046883,-0.8795926517571885,Thomas Cook (India),4094.0
1586448060000,27.1,2020-04-09,0.050387596899224896,0.1386554621848739,0.13152400835073075,-0.09816971713810319,-0.2997416020671835,-0.38826185101580124,-0.4037403740374037,-0.15968992248062008,-0.4867424242424242,-0.5589910496338486,Jamna Auto Inds.,1874.0
1586448060000,4.37,2020-04-09,0.028235294117647136,0.028235294117647136,0.32826747720364735,-0.10633946830265839,-0.2824302134646962,-0.38537271448663857,-0.2996794871794872,-0.2111913357400722,-0.2974276527331189,-0.37302725968436157,Trident,46.0
1586447743000,325.55,2020-04-09,0.012597200622084026,0.09945964201283353,0.4341409691629956,-0.3328893442622951,-0.4302590129506475,-0.4742834073475979,-0.2175219324600408,-0.6125096708921025,-0.6553385209888306,-0.6456598639455782,Century Textiles & Inds.,689.0
1586447940000,158.8,2020-04-09,0.06078824315297271,0.019910083493898778,0.11712979247274014,-0.18017552916881763,-0.24344926155312052,-0.2632799814428207,-0.20995024875621882,-0.20619845038740314,-0.2438095238095238,-0.309415090237008,Ambuja Cements,1374.0
1586447972000,149.85,2020-04-09,0.04680405169402713,0.20895522388059695,0.25765841376416265,-0.2293648752892774,-0.3984343637093537,-0.4628069546513712,-0.4795067731851337,-0.5861640430820216,-0.5584205097981436,-0.6412497007421594,Zee Entertainment,4505.0
1586447960000,217.35,2020-04-09,0.08647838040489875,0.23705179282868527,0.4465890183028285,0.0020746887966804906,-0.06415500538213137,-0.0663659793814434,0.2427101200686106,0.4104477611940298,0.4665991902834008,0.33918669131238444,Rallis India,3177.0
1586447847000,415.65,2020-04-09,0.053211706575446494,0.3852691218130311,0.39292895442359255,-0.07044615900704465,-0.19165694282380408,-0.27976087333217825,-0.1646065722037987,-0.054266211604095616,-0.20768204346168517,-0.2199493290794784,Polyplex Corporation,2968.0
1586447939000,43.1,2020-04-09,0.07213930348258701,0.17920656634746934,0.32411674347158237,-0.1622934888241011,-0.3680351906158358,-0.5491631799163179,-0.39888423988842403,-0.42069892473118287,-0.5479811221814368,-0.5879541108986615,GSFC,1429.0
1586447769000,368.8,2020-04-09,0.02501389660922726,0.11184805547181198,0.14144227793252862,-0.3624340911055407,-0.42464898595943834,-0.41847997477136556,-0.3564261408254078,-0.26760003971800217,-0.385742838107928,-0.43405202179083857,Tata Metaliks,4044.0
1586448060000,17880.5,2020-04-09,0.021915122834992307,0.15690207369544829,0.2916823186060624,0.20829701110277665,0.12144227995133017,0.4119268155939324,0.4458703281419307,0.9666298208855084,1.1010299223886206,1.4462168836232547,Abbott India,2105.0
1586448060000,89.1,2020-04-09,0.024137931034482696,0.19758064516129026,0.20161834120026945,-0.3876288659793815,-0.5178571428571429,-0.4748010610079576,-0.4247901872175598,-0.2590436590436591,-0.4270096463022508,-0.8092485549132948,IIFL Finance,6324.0
1586447998000,76.8,2020-04-09,0.09246088193456625,0.18701700154559497,0.22292993630573243,-0.19072708113804016,-0.42342342342342343,-0.48404433993953644,-0.4595355383532723,-0.4342541436464089,-0.5431290898274836,-0.591271953166578,Vedanta,3520.0
1586447984000,196.7,2020-04-09,0.019699326075686807,0.0,0.11539552027218591,-0.08255597014925375,-0.19451269451269448,-0.19828815977175462,-0.22114432785587024,-0.20940514469453386,-0.3399328859060403,-0.24823237148862987,Wipro,4475.0
1586447997000,75.35,2020-04-09,0.003997335109926725,0.004666666666666597,-0.02333117303953347,-0.34677069787602954,-0.4539855072463769,-0.47399650959860384,-0.5127707727125768,-0.4575233981281498,-0.4920795416245366,-0.5217391304347827,Indian Hotels,1694.0
1586448060000,553.85,2020-04-09,0.0479659413434248,0.1542148588100447,0.13331287088193178,-0.09234677155031146,-0.11666666666666659,-0.10956591639871383,-0.17679845422116514,-0.16670428044835617,-0.2837374717103136,-0.2757290440695698,Havells India,1505.0
1586448060000,116.3,2020-04-09,0.03839285714285712,0.12096385542168675,0.3208404315729698,-0.11592550361079446,-0.27674129353233834,-0.27516360236833903,-0.11322912695386966,-0.18185015828350337,-0.34772854739203596,-0.46931325576089444,Gujarat Ambuja Exports,1376.0
1586448060000,79.8,2020-04-09,0.03234152652005173,0.269689737470167,0.4482758620689655,-0.12882096069868998,-0.3765625,-0.4314214463840399,-0.36160000000000003,-0.28622540250447226,-0.34616960262187624,-0.5480033984706882,Phillips Carbon Black,2924.0
1586448060000,1343.05,2020-04-09,0.04954479740554052,0.0775001002848088,0.19776152679925096,-0.25679265120911954,-0.33973255985448114,-0.35014757826486664,-0.10938328912466844,0.053951188888016866,-0.13295674628792775,-0.09173598431054308,APL Apollo Tubes,4622.0
1586446977000,447.9,2020-04-09,0.03309883519778567,-0.0002232142857143682,0.03476955065265086,-0.2117212249208026,-0.27758064516129033,-0.3408388520971303,-0.291353532157266,-0.34608365574129507,-0.4250689942879148,-0.4402999062792877,Kirloskar Industries,2098.0
1586447982000,27.05,2020-04-09,0.1389473684210527,0.3765903307888041,0.3195121951219513,-0.19970414201183428,-0.2992227979274611,-0.3810068649885584,-0.4496439471007121,-0.44053774560496384,-0.6082548877624909,-0.7077255537547271,Arvind,284.0
1586447866000,2.6,2020-04-09,0.040000000000000036,0.23809523809523814,0.368421052631579,0.061224489795918435,-0.23529411764705876,-0.37349397590361444,-0.44680851063829785,-0.5737704918032787,-0.543859649122807,-0.6462585034013606,Rolta India,3302.0
1586447934000,639.6,2020-04-09,-0.01334361743154644,0.023278137748980132,-0.10564217297070544,-0.35426552246340226,-0.412833930046819,-0.3807725820505373,-0.2957886044591247,-0.27243772039585934,-0.40851713136357326,-0.40496790399106897,Vardhman Textiles,2316.0
1586447999000,351.1,2020-04-09,0.0035729598399314444,0.3137511693171189,0.26090860118513204,0.37041373926619836,0.2771917060749365,0.2844338759831717,0.4972281449893392,0.5973612374886261,0.5007480230818553,0.020491207673303258,Cadila Healthcare,6179.0
1586447996000,247.65,2020-04-09,0.060145547945205546,0.2030604809327181,0.29931794333683115,-0.06880992667794694,-0.17696909272183436,-0.3046469184332443,-0.17724252491694348,-0.35364739658097344,-0.530209617755857,-0.6194098662978331,Glenmark Pharma.,6194.0
1586447875000,419.4,2020-04-09,0.02342606149341142,0.010480664980122789,0.03224218557715974,-0.38562953197099537,-0.42163690270978416,-0.4432497013142175,-0.35006973500697347,-0.20800679822490786,-0.3142576847612819,-0.2012949914302038,Birla Corporation,564.0
1586447983000,378.9,2020-04-09,0.00784678813672035,-0.022067363530778206,0.2195043450273575,-0.21234798877455574,-0.2532518722901065,-0.27029369282619164,-0.3121539439048744,-0.18270060396893884,-0.1535798056517369,-0.162003759814221,Kansai Nerolac Paints,1335.0
1586448060000,620.8,2020-04-09,0.006403501661668143,0.03951774949765552,0.20567100407846173,-0.06386187137148458,-0.2232232232232233,-0.12260617624196168,0.13814281785681537,0.37057070316812,0.4880153403643337,0.4893361802173548,Relaxo Footwears,3247.0
1586447961000,1348.7,2020-04-09,0.034794951471208924,-0.005676791506930123,0.05772096306172081,-0.17734606117905394,-0.13294760527161686,-0.08667975892192048,0.024342080279497136,-0.018520539970163452,0.08959444175149467,0.07201335346951754,Pidilite Industries,2933.0
1586448060000,469.35,2020-04-09,0.07908955052304867,0.21404552509053287,0.398956780923994,-0.04302171475175853,0.0005329354082286297,0.1735216902112764,0.32903865213082284,0.6729638210657638,0.6962414166967836,0.7338381972663466,Deepak Nitrite,900.0
1586447959000,488.7,2020-04-09,0.05859417307484027,0.10841460648673173,0.2095037742853607,-0.01521410579345095,-0.07775051896584262,-0.04996111975116635,0.24335326294364568,0.42270742358078595,0.4159061277705347,0.4932168174040579,Bharti Airtel,6321.0
1586448060000,46.0,2020-04-09,0.02564102564102555,0.045454545454545414,0.13022113022113024,-0.021276595744680882,-0.13857677902621723,-0.21967769296013573,-0.15207373271889402,-0.09270216962524658,-0.2750197005516155,-0.3328498912255258,NLC India,2662.0
1586448060000,92.1,2020-04-09,0.01711761457758132,0.06473988439306355,0.35640648011782017,-0.26467065868263473,-0.3717598908594816,-0.4784824462061156,-0.5103668261562999,-0.5863462834044465,-0.6338700059630293,-0.6021598272138229,Zensar Technologies,1196.0
1586447996000,328.4,2020-04-09,0.013267510027769047,0.019400900201769433,0.09320905459387485,-0.2612754470813182,-0.332927076985578,-0.272324396188788,-0.12543275632490014,-0.11482479784366584,-0.20416818126741787,-0.30753821823932526,Strides Pharma Science,6185.0
1586448060000,4.96,2020-04-09,0.04641350210970452,0.26530612244897966,-0.013916500994035852,-0.404561824729892,-0.6957055214723926,0.6423841059602649,2.3513513513513513,0.7342657342657344,0.29166666666666674,0.17535545023696697,Alok Industries,139.0
1586447772000,2678.2,2020-04-09,0.03232023435542608,0.16390343538819208,0.2578433214352809,-0.10362139366758161,-0.1643421011576025,-0.2597158494112445,-0.20910728523757505,-0.2768364632977359,-0.4900754928933865,-0.5676626793872181,Lakshmi Machine Works,2182.0
1586447559000,1993.05,2020-04-09,-0.006901190891424602,-0.0936768149882905,-0.003898343204138177,-0.24129201720659332,-0.3162074999142278,-0.2693562577901606,-0.07381848598912599,-0.09839180294496852,-0.27009210598597355,-0.4286390023650828,Blue Dart Express,582.0
1586448060000,32.5,2020-04-09,-0.026946107784431073,-0.035608308605341366,-0.08450704225352113,-0.45515507124895216,-0.5893872394188251,-0.6812162824914174,-0.6941176470588235,-0.7198275862068966,-0.7430830039525691,-0.7162810999563509,JMC Projects (I),1841.0
1586447996000,296.6,2020-04-09,0.02470202107445174,0.07913407313079857,0.18973124749298043,0.11482803984213508,-0.025143796220213566,-0.12352245862884148,-0.16767223235582995,-0.23713991769547327,-0.18750856047116826,-0.14388800692740644,Marico,2370.0
1586448060000,189.7,2020-04-09,0.016885553470919135,-0.030659172202350593,-0.09016786570743407,-0.31540959942259117,-0.40774274118014364,-0.49311957247828997,-0.3681931723563697,-0.41459651288381427,-0.4516548634195693,-0.46966731898238745,JK Lakshmi Cement,1832.0
1586447908000,615.5,2020-04-09,0.0999910642480566,0.27169421487603307,0.4684480496242396,-0.27885178676039835,-0.3689121296011484,-0.43679370453401656,-0.39683472977607925,-0.333369435719701,-0.5758828596037898,-0.7075106327369496,HEG,1460.0
1586448060000,9.09,2020-04-09,0.049653579676674386,0.05086705202312136,-0.05803108808290158,-0.6304878048780488,-0.5732394366197183,-0.6196652719665272,-0.5986754966887418,-0.6196652719665272,-0.7290611028315946,-0.7601583113456465,Future Enterprises,6145.0
1586448060000,1829.9,2020-04-09,0.012336800177030316,0.012336800177030316,0.09709523666776576,-0.14062976964801455,-0.18665688823699356,-0.2506705431911713,-0.20954643628509717,0.18248788368336033,0.1935168275502217,0.2203401133711238,Whirlpool,4458.0
1586447301000,47.65,2020-04-09,0.02253218884120156,0.1809169764560099,0.3441466854724964,-0.05079681274900405,-0.09753787878787878,-0.12003693444136654,-0.0020942408376963817,0.04725274725274731,-0.8115110759493671,-0.8324248285563567,HSIL,1581.0
1586448060000,169.3,2020-04-09,-0.01855072463768115,0.1789693593314765,0.40556247405562473,0.04700061842919001,-0.023926203516863476,0.11712306169580988,0.37251722740170257,0.8645374449339209,0.8553424657534248,0.49162995594713665,Granules India,7381.0
1586447898000,4.05,2020-04-09,0.03846153846153855,0.125,-0.0795454545454547,-0.2894736842105263,-0.5,-0.6105769230769231,-0.55,-0.6334841628959276,-0.7954545454545454,-0.8617747440273038,SREI Infrastructure Finance,3366.0
1586447576000,137.25,2020-04-09,0.014787430683918634,0.054957724827056076,0.09712230215827344,-0.11679536679536684,-0.15408320493066252,-0.27419354838709675,-0.19430584091576164,-0.23876871880199668,-0.3222222222222222,-0.38161748141473306,Supreme Petrochem,3931.0
1586447885000,464.6,2020-04-09,0.004323389537397304,-0.04077629813151651,0.14886251236399617,-0.29643370939653213,-0.41629499340410825,-0.18882584024443472,-0.06996296667000301,-0.009909429941395764,0.1723441836992179,0.27672437482824974,Trent,2176.0
1586448060000,304.7,2020-04-09,0.03270632096254866,0.0589052997393571,0.18100775193798446,-0.15196214862232127,-0.20599348534201956,-0.25309474200269644,-0.38338561165637963,-0.4469552590979219,-0.5010643523825119,-0.540422322775264,Apar Industries,1378.0
1586447241000,1433.75,2020-04-09,0.014075043321427394,-0.024394393032117545,0.09313052759987817,-0.1983281612569544,-0.2741608869538804,-0.34903518728717364,-0.32801368578927637,-0.22428718281664228,-0.27279874213836475,-0.3069318895924976,SKF India,3349.0
1586447996000,344.9,2020-04-09,0.0075956763073325995,0.08835594824865889,0.31215522160928266,-0.18626872714403686,-0.2577208651673303,-0.2626402993051844,-0.31911953410324756,-0.02584380737184022,-0.10543379587602131,-0.09356110381077531,BPCL,525.0
1586448060000,79.95,2020-04-09,0.06245847176079744,-0.0006249999999999867,0.26104100946372255,-0.04251497005988025,-0.21309055118110232,-0.3570566948130277,-0.19648241206030148,0.005660377358490676,-0.24001901140684412,-0.23784556720686367,NMDC,2621.0
1586447990000,454.45,2020-04-09,0.04064575223265399,0.2899517456713028,0.3559600179024318,0.1553324011694419,0.14226467261530718,0.013492417484388897,0.09492832188892897,0.04555389393765097,0.20081913066455281,-0.03246753246753242,Sun Pharmaceutical Inds.,3887.0
1586447899000,253.9,2020-04-09,0.04982427124250566,0.13958707360861755,0.13576381122791314,-0.4233477174653645,-0.5611442399101201,-0.6172457978442754,-0.6578167115902964,-0.5462425163077472,-0.6737761788513427,-0.68911473001102,Raymond,3232.0
1586447936000,26.35,2020-04-09,0.03944773175542404,0.14316702819956628,0.20871559633027537,-0.11577181208053688,-0.32866242038216553,-0.45948717948717943,-0.276098901098901,-0.15814696485623003,-0.44700944386149,-0.5307212822796081,SAIL,3824.0
1586447949000,595.1,2020-04-09,-0.008166666666666655,0.14255543822597683,0.3389582630217123,-0.03046594982078843,-0.032121655688379325,-0.19335818366655366,-0.1625976218954478,-0.008827448367754731,-0.11450040919574422,-0.09394031668696701,Godrej Consumer Products,6734.0
1586447887000,227.25,2020-04-09,0.010000000000000009,0.11533742331288344,0.3204532248692622,-0.2574742689103088,-0.3621052631578947,-0.45672961989003114,-0.3603996622572474,-0.3744838976052849,-0.4943257676902536,-0.5148895292987512,Finolex Cables,1158.0
1586447915000,62.8,2020-04-09,0.02614379084967311,0.054575986565911005,0.3667029379760607,-0.2939853850477797,-0.4203968620212275,-0.527464258841234,-0.5196940726577438,-0.5128006206361522,-0.6364688856729378,-0.7162864242150441,Himatsingka Seide,1540.0
1586447996000,554.85,2020-04-09,0.10176727561556786,0.2284955164397211,0.3926957831325302,-0.10464741003711475,-0.34861469828598257,-0.4405062014722194,-0.41741915161696763,-0.3078218562874251,-0.35124232680502776,-0.44974463232012696,BEML,515.0
1586448060000,297.25,2020-04-09,-0.00883627875958648,0.1101774042950514,0.34807256235827655,-0.3447591755758844,-0.4136502613669987,-0.4698118255596183,-0.4398907103825137,-0.36130210571551347,-0.3341919587859783,-0.2925987624940505,Kei Industries,2046.0
1586446816000,701.55,2020-04-09,0.0476368252071977,0.14895185063871597,0.3857777777777778,-0.059584450402144884,-0.13083070061326896,-0.20282938469405154,-0.22235770104749764,-0.2161890397184515,-0.3780309410878142,-0.40874805107243695,Savita Oil Technologies,3488.0
1586448060000,46.9,2020-04-09,0.04921700223713632,0.2710027100271002,0.44753086419753085,-0.2608353033884949,-0.4584295612009238,-0.5248226950354611,-0.5594175669328323,-0.6333072713057076,-0.6575392479006936,-0.5096706743335075,Spicejet,6850.0
1586448060000,1.29,2020-04-09,0.04878048780487809,0.2524271844660195,0.34375,0.1834862385321101,-0.12244897959183665,-0.2321428571428571,-0.4777327935222673,-0.5878594249201278,-0.7919354838709678,-0.8585526315789473,Sanwaria Consumer,3454.0
1586447887000,175.85,2020-04-09,-0.013464235624123466,-0.03722967424035051,-0.040381991814461116,-0.4087088096839273,-0.5183511366748836,-0.6131764188297404,-0.6086569489262268,-0.6046093310848791,-0.6545865252406207,-0.6272785078423061,Kalpataru Power Trans,1979.0
1586447995000,2372.25,2020-04-09,-0.03600381981835543,0.03208614313682845,0.16983504697092977,0.11819467358001412,0.07092070514412119,0.15082348946079027,0.15286484910336795,0.29422515616901723,0.31092506631299743,0.4060694069881159,Hindustan Unilever,1572.0
1586447923000,197.9,2020-04-09,-0.005527638190954698,-0.03838678328474254,0.07321041214750545,-0.07760428804474484,-0.24335691072452692,-0.3985716456465582,-0.344159072079536,-0.1752448426755574,-0.2615671641791044,-0.32028164176541296,Great Eastern Shipping Co.,1357.0
1586447996000,207.85,2020-04-09,0.0418546365914787,0.09337190952130459,0.1262530479544839,-0.02234242709313261,-0.038621646623496764,-0.13755186721991708,-0.2837698139214335,-0.21831515607371188,-0.311070599933709,-0.2412849060047454,HPCL,1578.0
1586448060000,24.9,2020-04-09,0.0897155361050328,0.3532608695652175,0.3351206434316354,-0.09124087591240881,-0.3941605839416059,-0.5529622980251347,-0.5911330049261083,-0.5243553008595989,-0.5990338164251208,-0.657967032967033,Kesoram Inds.,2058.0
1586447957000,319.0,2020-04-09,-0.0037476577139287093,-0.02297090352220521,0.21732493798893326,-0.37816764132553604,-0.4435237679895334,-0.40623545835272223,-0.39845370544974534,-0.42867377093221104,-0.5213588008462496,-0.4838772307343828,UPL,5331.0
1586448060000,3.43,2020-04-09,0.04892966360856277,0.26568265682656844,0.3665338645418328,-0.12722646310432573,-0.41267123287671226,-0.47713414634146334,-0.5007278020378456,-0.36598890942698703,-0.5652724968314322,-0.5867469879518072,Bajaj Hindusthan,420.0
1586447641000,0.35,2020-04-09,0.0,0.0,0.16666666666666674,-0.1250000000000001,-0.30000000000000004,-0.30000000000000004,-0.30000000000000004,-0.5625,-0.8409090909090909,-0.890625,Ballarpur Inds.,439.0
1586448060000,230.5,2020-04-09,0.05540293040293043,0.07184375726575198,0.1594567404426559,-0.23358270989193686,-0.32828209237942585,-0.4053914613697923,-0.27447277305634243,-0.4053147574819401,-0.5229718543046358,-0.4366369302211902,DCM Shriram,855.0
1586448060000,18.7,2020-04-09,0.049971925884334745,0.33571428571428563,0.2764505119453924,-0.11792452830188682,-0.22886597938144337,-0.29300567107750475,-0.3175182481751825,-0.2862595419847328,-0.4610951008645534,-0.5072463768115942,Pennar Industries,2900.0
1586448060000,82.65,2020-04-09,0.028624766645924282,0.10642570281124497,0.39141414141414144,-0.22028301886792445,-0.388909426987061,-0.44955044955044954,-0.4043243243243243,-0.1837037037037037,-0.3585564610011641,-0.474236641221374,Tinplate Co. of India,4102.0
1586447970000,222.85,2020-04-09,0.03699395067473232,0.10705414803775448,0.36174763214176586,-0.050894378194207945,-0.1126816643440176,-0.1228104703798466,-0.02493983810982292,0.006776598147729906,-0.005133928571428581,-0.13857750289911097,Jindal Poly Films,1920.0
1586447996000,148.0,2020-04-09,0.05827672506256709,0.12462006079027366,0.08783535464902603,-0.04423635776557955,-0.14721982137712475,-0.27003699136868065,-0.2218717139852786,-0.16289592760181004,-0.26055458406195353,-0.31178795628923506,Exide Industries,1126.0
1586448060000,232.0,2020-04-09,0.03965942191351113,0.3647058823529412,0.5178279358848545,0.01221640488656206,-0.13946587537091992,-0.2832869941303676,-0.2594956910309608,-0.21289228159457163,-0.2795031055900621,-0.43435328538339624,Emami,1539.0
1586446957000,72.55,2020-04-09,0.006939625260235838,-0.01893171061528065,0.23594548551959105,-0.10542540073982731,-0.3291724456773001,-0.2581799591002045,-0.26754164563351845,-0.33562271062271065,-0.46279155868196975,-0.6134789557805007,RSWM,3150.0
1586448060000,1138.4,2020-04-09,0.011371712864250316,0.13482530030404227,0.14325885011298034,-0.1364636273989227,-0.21562683019257922,-0.21258862182258342,-0.145473652604714,0.15802858450740054,-0.05192587965854667,-0.2009826285313212,Nilkamal,2676.0
1586448060000,59.0,2020-04-09,0.088560885608856,0.10280373831775691,0.31991051454138697,-0.3179190751445087,-0.4108836744882677,-0.5068951107396573,-0.4972305070302514,-0.4302269435055529,-0.4606946983546618,-0.5956134338588075,Gabriel India,1230.0
1586447841000,995.0,2020-04-09,0.015047181841367108,0.057947900053163304,0.3241948363055629,-0.1256974649619964,-0.21871932786305992,-0.3097467915365938,-0.18312056155330236,-0.03035618574282517,0.16245107774986844,-0.1193521263884586,Godfrey Phillips India,1313.0
1586448060000,515.0,2020-04-09,-0.01904761904761909,0.005859375,0.2855716425361956,-0.22996411483253587,-0.22608760988804577,-0.1880813495191549,-0.1194323330768573,-0.13314256859114626,-0.27871148459383754,-0.27007299270072993,Hatsun Agro Products,1504.0
1586447922000,1154.5,2020-04-09,0.04408772326475252,0.036913957248068785,0.13319591676482134,-0.10267371366392031,-0.15963022273984562,-0.2585575749791278,-0.2673562634852138,-0.01824057145286795,-0.08278382458091682,0.020597595473833108,Siemens,3656.0
1586447231000,221.15,2020-04-09,0.006599908966772983,-0.0038288288288288452,0.17601701675086412,-0.26049155659588696,-0.35562354312354305,-0.364967695620962,-0.28776167471819647,-0.21564107111189923,-0.33368484483278094,-0.455362640068957,Carborundum Universal,659.0
1586447898000,2145.25,2020-04-09,0.02347272250184873,0.06008944234427882,0.34756116712208285,-0.11537906434918876,-0.2277300790179455,-0.2740147887443104,-0.29922417313189054,-0.28274098097562606,-0.34214964734743947,-0.3717695292481148,Oracle Fin Ser Software,6608.0
1586448060000,75.0,2020-04-09,0.09011627906976738,0.07681263460157917,-0.02786779001944273,-0.3775933609958506,-0.4690265486725663,-0.47164494540331103,-0.46294307196562834,-0.3914807302231237,-0.4734994734994734,-0.48489010989010983,Greaves Cotton,1359.0
1586447996000,1651.35,2020-04-09,0.02635259019857661,-0.00909090909090915,0.08295897957176113,-0.11557721661355547,-0.09214107039775699,-0.07660692817401515,-0.06210598057590744,0.022349481504410962,0.19658708017825433,0.08691502665701312,Asian Paints,329.0
1586448060000,4041.7,2020-04-09,0.022969159316113874,0.01681824471363691,0.10498400634278382,-0.18579774375503633,-0.19046999088660332,-0.17901685963843184,0.0007552028524382415,0.1614581088265299,0.016166339819982944,0.1268732661397125,Atul,358.0
1586448060000,173.0,2020-04-09,0.0,-0.08052086101514755,0.21106055302765148,-0.11053984575835474,-0.33576502207717407,-0.3817012151536813,-0.3675744836410163,-0.41375804811928163,-0.4038594073053067,-0.4363902915784329,Transport Corporation,7114.0
1586447935000,35.9,2020-04-09,0.07646176911544211,0.18677685950413214,0.3030852994555353,-0.25518672199170134,-0.4090534979423869,-0.5082191780821919,-0.48382458662832495,-0.5929705215419501,-0.608505997818975,-0.6275933609958506,Prism Johnson,3036.0
1586447986000,317.55,2020-04-09,0.011305732484076403,0.4239910313901345,0.5802438417516798,0.09613393165343465,-0.14187271990271588,-0.23775804128660583,-0.2338038364096996,-0.17797048925705405,-0.3744089834515366,-0.36234939759036144,Gujarat Alkalies & Chem,1373.0
1586447995000,77.3,2020-04-09,0.03828072531900606,0.1317715959004393,0.2367999999999999,0.036887994634473564,-0.21162672106068336,-0.340724946695096,-0.4297307266691258,-0.37281947261663284,-0.5347577490219682,-0.5092063492063492,ONGC,2730.0
1586447996000,528.15,2020-04-09,0.033359420856974964,-0.033046503112413195,0.09574688796680486,-0.12376607216922442,-0.1545541860092845,-0.12478250062142693,0.1082782499213093,0.36684782608695654,0.2833191592759081,0.07271250126942208,Coromandel International,811.0
1586447997000,579.6,2020-04-09,0.13037542662116053,0.37069882937211784,0.5355676248509738,0.36008447729672666,0.3474369406021156,0.24792765636774683,0.2511602806260118,0.24591573516766996,0.05843681519357191,0.10896393379890945,Cipla,748.0
1586448060000,795.45,2020-04-09,0.044857480625246415,0.0815091774303196,0.2804024144869215,-0.17067194912161798,-0.35811983054266694,-0.40950931630910836,-0.22542480159696188,-0.3471623784316139,-0.43003009458297503,-0.5326518022384771,Force Motors,424.0
1586447891000,1396.35,2020-04-09,0.12044132397191576,0.11050580563066625,0.22508334795578167,0.06510297482837513,0.04310312628394275,-0.16665671998090237,-0.13064998132237593,0.17118892849654,0.1145388514187653,0.07457001038901057,Glaxosmithkline Pharma,6830.0
1586447778000,238.35,2020-04-09,0.094855305466238,0.2705223880597014,0.36864771748492675,-0.18373287671232874,-0.34048146098505805,-0.44297733115213833,-0.37775747291476314,-0.4404929577464789,-0.6333076923076923,-0.6913364413364413,Tata Steel Long Products,4049.0
1586447990000,245.55,2020-04-09,0.060462103217447716,0.04511598212385626,0.0016316540893330789,-0.40515988372093026,-0.4688513951979234,-0.5175361037430002,-0.44167803547066853,-0.3582070047046524,-0.441296928327645,-0.5224620770128354,Bharat Forge,518.0
1586447964000,72.8,2020-04-09,0.05354558610709126,0.1601593625498008,0.4603811434302907,0.09556057185854017,-0.10784313725490191,-0.2925170068027212,-0.17131474103585653,0.20930232558139528,-0.22263747997864392,-0.22013926084627744,ITI,1643.0
1586448060000,166.1,2020-04-09,-0.0027018913239268416,0.0705768611021591,0.31460229521171357,0.04301412872841448,-0.0777345918933926,-0.174042764793635,-0.20220941402497594,-0.22000469593801364,-0.2832793959007551,-0.41234742614540953,Hindustan Zinc,1585.0
1586447992000,89.8,2020-04-09,0.0767386091127098,0.13098236775818628,0.14322087842138775,-0.29151873767258385,-0.4090161237249095,-0.4861230329041488,-0.46515783204288275,-0.47051886792452835,-0.5368746776689015,-0.5941242937853107,Apollo Tyres,241.0
1586447426000,38.2,2020-04-09,0.026881720430107503,0.11695906432748537,0.14371257485029965,-0.36963696369636956,-0.4374079528718704,-0.5576143601621308,-0.388310648518815,-0.5281037677578753,-0.6020833333333333,-0.6426566884939195,Nava Bharat Ventures,2636.0
1586448060000,16.2,2020-04-09,0.025316455696202445,0.012499999999999956,0.42105263157894735,-0.17974683544303804,-0.3427991886409736,-0.37811900191938586,-0.4774193548387097,-0.4055045871559634,-0.4572864321608041,-0.6014760147601477,Usha Martin,4252.0
1586448060000,364.4,2020-04-09,0.0337588652482268,0.10759878419452873,0.23966660996768163,-0.26145115524929063,-0.46864975211431903,-0.549817777503243,-0.5480590350985985,-0.5922797202797203,-0.6886534518113465,-0.7107936507936508,Rane Holdings,3197.0
1586447980000,1013.85,2020-04-09,0.10991296732169253,0.08584127664131946,0.24231099130008582,-0.15754705222485355,-0.2078678021720447,-0.1647305981216015,-0.12482196037809146,-0.07982392448720266,-0.1937574552683896,-0.08818239050274312,Titan Company,4114.0
1586448060000,10906.5,2020-04-09,-0.009144056363363795,0.04395394025250554,0.20191089119821926,0.041785071233779725,-0.025957498113359123,-0.026444399812545982,-0.024319331565034186,0.08364423998847448,0.03582384394024296,0.014695005372817871,P&G Hygiene & Health Care,3042.0
1586447926000,2083.6,2020-04-09,0.017432491820889684,-0.058493933711393886,0.10729659350587228,-0.13000271404413455,-0.1192272736879928,0.022550487080705617,0.07919407468793693,0.22507055503292572,0.1597139120028941,0.17814028441378538,Akzo Nobel India,1623.0
1586447975000,10356.05,2020-04-09,-0.026622992114142874,0.03827856731082524,0.16219082461731826,0.1208513493768566,0.08540330356768533,0.16443192614955615,0.17112130139038872,0.31507066756403246,0.3536700935251327,0.4654096504881844,GSK Consumer Healthcare,3700.0
1586448060000,45.45,2020-04-09,0.07067137809187285,0.11397058823529416,0.29671897289586324,-0.2475165562913907,-0.3113636363636363,-0.44403669724770634,-0.35623229461756367,-0.20818815331010443,-0.4031516743269862,-0.5172596919808816,JK Tyre & Industries,1834.0
1586447865000,100.55,2020-04-09,0.07253333333333334,0.13041034288926356,0.12158393753485774,-0.335206611570248,-0.3979041916167665,-0.482101467937162,-0.4488901068785969,-0.47190126050420167,-0.4344769403824522,-0.5283771106941839,Tamil Nadu Newsprint,4019.0
1586448060000,35.95,2020-04-09,0.09938837920489285,0.1596774193548387,0.21043771043771065,-0.02837837837837831,-0.2737373737373737,-0.254149377593361,-0.3354898336414047,-0.6357649442755826,-0.6685108344859382,-0.7378782355085672,State Trading Corpn. of India,3823.0
1586447723000,374.0,2020-04-09,0.006864988558352492,-0.047740292807129214,0.23513870541611626,-0.33646766610485224,-0.3371732388125831,-0.3265508238048078,-0.3441473038141166,-0.2614533965244865,-0.25274725274725274,-0.24329792615073342,Finolex Industries,1159.0
1586447996000,66.05,2020-04-09,0.17526690391459065,0.08190008190008191,0.18263205013428818,-0.27735229759299784,-0.4236474694589878,-0.5305614783226723,-0.5087393082930457,-0.31872099020113465,-0.4690514469453376,-0.5733204134366925,Motherson Sumi Systems,2519.0
1586447880000,10205.6,2020-04-09,0.06206552054281311,0.08621634710048909,0.22113802655116088,-0.16358853105932392,-0.2741110071873366,-0.3142250459452286,-0.3218262103245141,-0.27097649832130866,-0.3791609889040296,-0.43132409277704253,Bosch,2522.0
1586447984000,102.7,2020-04-09,0.00587659157688547,-0.029759093056211494,0.16638273708120388,0.16045197740112993,0.38316498316498326,0.1777522935779816,0.23958961979480997,0.3575677461996034,0.08965517241379306,-0.0714285714285714,India Cements,1668.0
1586447340000,31.1,2020-04-09,0.11870503597122295,0.24649298597194402,0.2515090543259557,-0.23493234932349316,-0.376753507014028,-0.45818815331010454,-0.5012028869286287,-0.49348534201954397,-0.6757038581856101,-0.699080793420416,Time Technoplast,5493.0
1586447976000,550.9,2020-04-09,0.05617331288343541,0.13681386710689214,0.21961478857648875,-0.11123658949745918,-0.21619122145550262,-0.043077992009727395,-0.11785428342674142,-0.10211066742726749,0.029142536895198967,0.018958660871173594,United Spirits,2407.0
1586447847000,893.6,2020-04-09,0.04058224163027657,0.02984902616111551,0.037862950058072053,-0.2570668440305952,-0.3570760486365926,-0.3384171170504183,-0.21524545534381312,-0.1876363636363636,-0.1413471701739214,-0.18029628950144483,Supreme Industries,3929.0
1586446355000,5.4,2020-04-09,0.04854368932038833,0.03846153846153855,0.028571428571428692,-0.22857142857142854,-0.38983050847457623,-0.5877862595419847,-0.5023041474654377,-0.4374999999999999,-0.6375838926174496,-0.7391304347826086,Garden Silk Mills,1250.0
1586448000000,3621.55,2020-04-09,-0.016684767852294224,0.16047424497316354,0.2671845203729948,0.18302980808493263,0.1401788244183484,0.1357271658173267,0.32618646550461405,0.43268850383732893,0.39760733236854806,0.29398838767306845,Dr. Reddy's Lab,981.0
1586447996000,468.35,2020-04-09,0.03754984492689428,0.14637131318076135,0.15870856011875323,-0.21153198653198646,-0.30982905982905984,-0.3726895258505224,-0.3802844856103208,-0.381062508259548,-0.3815120501815781,-0.3553337921541637,CESC,623.0
1586447906000,309.05,2020-04-09,0.04976222826086962,0.04816008139732064,0.24091547881951425,-0.06376855498333844,-0.16269303711731242,-0.1918148535564853,0.03795130142737202,0.12566017118921868,0.24717514124293793,0.4584709768758848,Tata Consumer Products,4050.0
1586447915000,1362.55,2020-04-09,0.016259556218534366,0.08769058832920873,0.2122330960854093,0.07779623477297881,0.021669853409814976,-0.08109657404909631,-0.1370257774399899,0.08795113382305964,0.19323058061126175,0.09380268122340851,Colgate-Palmolive,776.0
1586447997000,4406.55,2020-04-09,0.03683529411764708,0.09533929903057414,0.19759478189971458,0.023101658908069256,0.059648911867259846,0.013361082684634873,0.10696476794573884,0.519709615119327,0.3945661117792265,0.32979750731810387,Pfizer,2916.0
1586448060000,92.7,2020-04-09,0.009803921568627416,0.042744656917885315,0.15947467166979368,-0.29209621993127144,-0.455026455026455,-0.38261738261738265,-0.34672304439746304,-0.35736568457539,-0.4714937286202965,-0.44656716417910447,Kirloskar Brothers,2093.0
1586447779000,353.4,2020-04-09,0.07074685653688828,0.08172635445362708,-0.10610851144555467,-0.2674888589491139,-0.351559633027523,-0.4161090458488228,-0.37295954577714696,-0.3795646067415731,-0.5198043345335961,-0.5258603340712418,Cummins India,841.0
1586448060000,148.6,2020-04-09,0.05315379163713674,0.15238464521132222,0.35769757880310626,-0.23382315029646816,-0.29723338850792147,-0.38199209814930335,-0.3152073732718894,-0.3266878115088355,-0.40571885622875425,-0.4851004851004852,West Coast Paper Mills,4445.0
1586447791000,6.65,2020-04-09,0.09917355371900838,0.3168316831683169,0.20909090909090922,0.22018348623853212,-0.17391304347826086,-0.31443298969072153,-0.5695792880258899,-0.33499999999999996,-0.7666666666666666,-0.8370098039215685,CG Power & Industrial Solutions,831.0
1586447991000,233.1,2020-04-09,0.019685039370078705,0.04271974949675683,0.16114570361145697,-0.21844090528080473,-0.6891170978927714,-0.6890548922830655,-0.6352968786669796,-0.5913394109396914,-0.6249396621078037,-0.6085313628348308,Tata Chemicals,4033.0
1586447887000,164.45,2020-04-09,0.038522260814651155,0.03362664990571962,0.11642905634758982,-0.09118541033434646,-0.11633530360021493,-0.1479274611398964,-0.12363442579269923,-0.1970214843750001,-0.16860465116279078,-0.17692692692692702,Power Grid Corporation,5191.0
1586447325000,199.35,2020-04-09,0.011159015977681985,0.04044885177453028,0.06319999999999992,-0.4464806330695543,-0.48548199767711964,-0.5262595057034221,-0.4543588339947996,-0.4960182025028441,-0.5811534825086668,-0.5826005025125629,Shopper's Stop,6254.0
1586448060000,153.4,2020-04-09,0.040000000000000036,0.07952146375791713,0.22475049900199595,-0.1296453900709219,-0.23662602637471997,-0.243962543124692,-0.18620689655172407,-0.2242730720606827,-0.21009268795056635,-0.15575123830489812,Heidelberg Cement India,2554.0
1586447957000,5326.65,2020-04-09,0.1337881271152166,0.24213557820115184,0.1872750169956201,-0.141015303736434,-0.1767665059347181,-0.2548889324082364,-0.2547221289456011,-0.12823639160747602,-0.1727519801211369,-0.22686764300332385,Maruti Suzuki India,6442.0
1586447996000,30.4,2020-04-09,0.027027027027026973,0.044673539518900185,0.059233449477351874,-0.016181229773462813,-0.1772665764546686,-0.33333333333333337,-0.27876631079478054,-0.2428393524283935,-0.36468129571577856,-0.45027124773960214,National Aluminium,2617.0
1586448060000,52.3,2020-04-09,0.09528795811518309,0.2162790697674417,0.3602080624187254,-0.1605136436597111,-0.2528571428571429,-0.28356164383561644,-0.14472608340147186,-0.1390946502057614,-0.34461152882205515,-0.47225025227043393,Kirloskar Ferrous Inds.,2095.0
1586447994000,162.3,2020-04-09,0.04980595084087991,0.27544204322200394,0.525375939849624,-0.1410426038634558,-0.3780417704541099,-0.4742468415937803,-0.4556431326513499,-0.40712328767123285,-0.6083021600096536,-0.6469052539976068,Graphite India,1352.0
1586448060000,1052.65,2020-04-09,0.052650000000000086,0.3686776752047849,0.4848014669581777,-0.18908404591325767,-0.19225751995089002,-0.37420486296890787,-0.36942522538712663,-0.34536691542288556,-0.42838912872308643,-0.5486740840782901,Forbes & Company,1183.0
1586447870000,52.15,2020-04-09,0.036779324055665974,0.13864628820960712,0.26577669902912615,-0.28414550446122167,-0.38970157987126974,-0.4530676455165181,-0.3509645301804605,-0.2216417910447761,-0.3537794299876085,-0.39005847953216377,Jindal Saw,3491.0
1586447996000,5.9,2020-04-09,0.0,0.03508771929824572,0.18000000000000016,-0.21333333333333326,-0.38219895287958117,-0.4660633484162896,-0.4660633484162896,-0.4636363636363636,-0.5547169811320755,-0.6539589442815249,South Indian Bank,7218.0
1586447393000,328.2,2020-04-09,0.09527782412814956,0.23198198198198194,0.26109510086455323,-0.17329974811083126,-0.350870253164557,-0.5060204695966286,-0.549917718047175,-0.5081303859123267,-0.5858936344710113,-0.6541076039416136,IFB Inds.,1629.0
1586448060000,3830.05,2020-04-09,0.016777944436332737,0.1073509215757138,0.2488139682746704,-0.08887514421990406,-0.142695660932726,-0.07798507462686566,0.13560352240045082,0.2353406012127468,0.14646411733892095,-0.1307293380692457,Bayer CropScience,471.0
1586447995000,74.6,2020-04-09,0.10355029585798814,0.04996481351161153,0.08825674690007279,-0.294228949858089,-0.5048124792565549,-0.5905598243688255,-0.5574013645802434,-0.34733158355205607,-0.5287428932406824,-0.6324217787632422,Tata Motors,4037.0
1586447762000,84.2,2020-04-09,-0.022634939059779535,0.025578562728380216,0.15184678522571837,-0.23766410140334993,-0.4482306684141546,-0.3338607594936709,0.12944332662642521,0.38829348722176427,-0.9181292235888959,-0.916310505913925,GFL,1393.0
1586447445000,18941.85,2020-04-09,0.03404537563734422,0.006049516808786848,0.18257218667082875,-0.09965563052411186,-0.11018907809747513,-0.15083529651737515,-0.14902702496288034,-0.07258946997348781,-0.1402124747796839,-0.22062829163923636,3M India,562.0
1586448060000,132.75,2020-04-09,0.04117647058823537,0.11695414387883885,0.26428571428571423,-0.10425101214574894,-0.3107476635514018,-0.45727718724448074,-0.24552429667519182,-0.11499999999999999,-0.4408171861836563,-0.5840513864953782,Sarda Energy & Minerals,3132.0
1586448060000,279.25,2020-04-09,0.0017937219730941312,-0.014991181657848296,-0.03905712319339305,-0.29285895163332487,-0.33511904761904765,-0.3593714154622619,-0.37134173795587566,-0.33960033108667376,-0.3874081386420972,-0.4800781977285422,Godrej Industries,1315.0
1586448060000,52.9,2020-04-09,0.04133858267716528,0.7901861252115059,0.8594024604569419,0.31755915317559147,0.03219512195121954,-0.2305454545454546,-0.17920868890612884,-0.3143227478937136,-0.5079069767441861,-0.5486348122866894,Himadri Speciality Chemical,1536.0
1586447942000,337.35,2020-04-09,0.035451197053407046,0.003868471953578423,0.14823008849557517,-0.2577557755775577,-0.3823125514968415,-0.48103992000615325,-0.464055921836524,-0.4425809649702578,-0.5813217499224325,-0.6216989066442389,Wheels India,5579.0
1586447971000,0.9,2020-04-09,0.05882352941176472,0.3846153846153846,0.5,0.2857142857142858,0.125,0.05882352941176472,0.05882352941176472,-0.55,-0.7352941176470589,-0.8953488372093024,Sintex Industries,3680.0
1586447970000,87.75,2020-04-09,0.02571595558153139,0.14630960156760286,0.14780902550686714,-0.12643106022896966,-0.24871575342465757,-0.3076923076923077,-0.2940466613032985,-0.31712062256809337,-0.4303057845874181,-0.5159955874241589,GAIL,1263.0
1586448060000,987.0,2020-04-09,0.051118210862619806,0.1076197957580518,0.16446436998584235,-0.2862566438876233,-0.3662921348314607,-0.4355322981899288,-0.43061524705067933,-0.4423413752189389,-0.4749022424387519,-0.5533936651583711,TVS Srichakra,4010.0
1586447996000,671.8,2020-04-09,-0.02233864512842909,0.11363447990053865,0.17632638767291176,-0.26667394389258825,-0.39098903091288184,-0.3661965187037125,-0.2589896315905582,-0.2537213952455011,-0.2661532579605659,-0.2486299071692205,Godrej Properties,5917.0
1586448060000,4100.0,2020-04-09,0.02525631407851958,0.03685907567806801,0.24870561003837488,-0.18811881188118806,-0.2545454545454545,-0.2622316592589927,-0.2038834951456311,-0.11848809958934448,-0.2480858282517996,-0.2137083241439489,Kama Holdings,6894.0
1586447972000,26.05,2020-04-09,0.07201646090534974,0.12526997840172793,0.14757709251101336,-0.2987886944818303,-0.3638583638583639,-0.456725755995829,-0.4544502617801047,-0.4343105320304017,-0.5599662162162162,-0.6472579553148273,MRPL,2346.0
1586448060000,73.2,2020-04-09,0.10240963855421681,0.14823529411764702,0.10657596371882083,-0.13372781065088757,-0.32751492880110233,-0.4446130500758726,-0.41228422320353264,-0.36153510684692547,-0.5926544240400667,-0.6699729486023445,Sterlite Technologies,6541.0
1586448060000,18.21,2020-04-09,0.04956772334293946,0.21399999999999997,0.30537634408602155,-0.07563451776649743,-0.051562499999999956,-0.06615384615384612,-0.2521560574948666,0.3589552238805971,-0.14103773584905654,-0.3243042671614099,Bilcare,508.0
1586447999000,1219.95,2020-04-09,0.023319213186260068,0.0953535353535353,0.29314182743269024,0.09496028362428754,-0.15571473061351604,-0.1902359695994158,-0.1705816364687085,-0.01755586873364201,-0.04765807962529267,-0.12214866517953515,Reliance Industries,3252.0
1586448060000,9.71,2020-04-09,0.04972972972972989,0.2448717948717951,0.07292817679558006,-0.3439189189189189,-0.46677649643053265,0.34487534626038796,0.3891273247496425,0.3656821378340367,-0.3439189189189189,-0.5365155131264916,JBF Industries,1821.0
1586447870000,911.3,2020-04-09,0.0659726283775881,0.18852298663188782,0.314153868339462,-0.03300084889643462,-0.10870947234583606,0.06243077819877585,0.13176850471932422,0.14932526169756577,0.053367701963866754,0.1468663478479737,Aarti Industries,39.0
1586447996000,999.5,2020-04-09,0.0454474138381884,0.03200826019617975,0.054603007122131286,-0.1993431329354748,-0.2897242751563388,-0.3546825063756981,-0.32718521759617647,-0.3337110859276048,-0.3448049819731236,-0.3820137879865211,ACC,338.0
1586448060000,614.0,2020-04-09,-0.010395680554436404,0.1325278981831597,0.13357334071817606,-0.08528864059590313,-0.06252385678296057,-0.14496588218911022,-0.1231702963227419,-0.12678660314299928,-0.10852994555353901,-0.09924448030514188,Rajesh Exports,3159.0
1586448060000,28.0,2020-04-09,0.009009009009008917,-0.125,0.038961038961039085,-0.49549549549549554,-0.5329441201000834,-0.5387149917627677,-0.5534290271132376,-0.5509222133119487,-0.6083916083916083,-0.6061884669479606,Jindal Worldwide,7232.0
1586448000000,82.3,2020-04-09,0.04640813731722804,0.09514304723885547,0.2085168869309839,-0.010222489476849117,-0.11742627345844503,-0.32123711340206185,-0.1436004162330905,0.028750000000000053,-0.34914986160537764,-0.3506903353057199,Deepak Fertilisers & Petro.,899.0
1586447982000,12.9,2020-04-09,0.04878048780487809,0.26470588235294135,0.35789473684210527,-0.15131578947368418,-0.4342105263157895,-0.38277511961722477,-0.6640625,-0.6446280991735537,-0.7174151150054764,-0.9080213903743315,Reliance Infrastructure,403.0
1586447443000,4.3,2020-04-09,0.04878048780487809,0.08860759493670867,0.07499999999999996,-0.35820895522388063,-0.5195530726256983,-0.6340425531914894,-0.5085714285714287,-0.4691358024691358,-0.6401673640167365,-0.7054794520547945,Hindustan Construction,1559.0
1586447706000,174.4,2020-04-09,0.024977960622979634,0.12443584784010331,0.2360028348688874,0.031952662721893565,-0.08547456738332448,-0.05397342012476258,0.29233049277510204,0.7741607324516786,0.34257120862201695,0.4236734693877551,Essel Propack,1102.0
1586447944000,495.05,2020-04-09,0.06691810344827598,-0.0347080042897534,0.014031134780827514,-0.3079611379045223,-0.3761184625078765,-0.42322031923569847,-0.3690415498343105,-0.33398358670792405,-0.3734733911282667,-0.3321866990422231,The Ramco Cements,2285.0
1586447977000,4.5,2020-04-09,0.04651162790697683,0.23287671232876717,0.2857142857142858,0.0843373493975903,-0.25619834710743794,-0.4303797468354431,-0.3918918918918919,-0.4512195121951219,-0.6654275092936803,-0.7637795275590551,HCL Infosystems,1457.0
1586448060000,18.0,2020-04-09,0.02564102564102555,0.0942249240121582,0.1042944785276072,-0.13875598086124397,-0.31688804554079697,-0.3846153846153846,-0.27710843373493976,-0.13669064748201443,-0.35943060498220647,-0.4444444444444444,Tata Steel BSL,547.0
1586447996000,485.35,2020-04-09,-0.006041368011468373,0.07843572936340415,0.2097457627118644,0.00455345130911744,-0.031237524950099793,-0.01591646390916457,0.051223738358241455,0.09596928982725528,0.2518700025793139,0.2073383084577114,Dabur India,870.0
1586447327000,675.6,2020-04-09,0.0032670032670032434,0.016780796147189303,-0.007856670827520396,-0.14815281805573066,-0.2376008576426113,-0.24183593311637297,-0.2552089075074413,-0.3020661157024793,-0.30647230919262947,-0.31860816944024206,Mphasis,6481.0
1586447986000,132.25,2020-04-09,0.08535084119819447,0.15300784655623367,0.3494897959183674,-0.030780505679736114,-0.2241126430038134,-0.36782982791586993,-0.3126299376299376,-0.2513444664590999,-0.45865738845681536,-0.5742112041210561,GNFC,1412.0
1586447830000,287.65,2020-04-09,0.09455859969558578,0.23375509328758293,0.25038035209737,-0.12621506682867567,-0.2597786927431808,-0.35475549573799914,-0.18616494553685103,-0.31291054580198263,-0.425332134651883,-0.5244275440191783,Tata Communications,4348.0
1586447980000,36.5,2020-04-09,0.02384291725105192,0.11111111111111116,0.061046511627907085,-0.08176100628930816,-0.296046287367406,-0.398682042833608,-0.3302752293577982,-0.3423423423423423,-0.43234836702954893,-0.5070898041863605,Tata Power,4047.0
1586447776000,4.15,2020-04-09,0.012195121951219745,0.024691358024691468,0.2028985507246377,-0.12631578947368416,-0.2844827586206896,-0.3565891472868217,-0.42361111111111105,-0.4113475177304964,-0.5,-0.6970802919708029,IFCI,1756.0
1586447784000,3237.75,2020-04-09,0.08042045549345134,0.16327740451981443,0.19100606952363441,-0.1312018676040464,-0.2029369045567564,-0.11864383710801396,0.006856982927512023,0.18140188279938707,0.07580741626794252,0.35518908398384363,SRF,3367.0
1586447875000,2310.9,2020-04-09,0.06544641416353558,0.16181091475830178,0.20362509440350007,0.059195599862495785,0.06963826980490184,0.20462897802799285,0.32225210276363225,0.4308978328173376,0.49766688269604664,0.36011300432594684,Divi's Laboratories,7301.0
1586447784000,1279.85,2020-04-09,0.012579611535266322,0.12361178174794785,0.10713667820069195,-0.2200316899262601,-0.2879635038526802,-0.2453937089118835,-0.08402218643764547,-0.1570784074818059,-0.055252085332546,0.019557077989325267,Apollo Hospitals,239.0
1586447965000,107.55,2020-04-09,0.06643529995042141,0.12382445141065834,0.211830985915493,-0.250261415127222,-0.3993297961463279,-0.45750315258511987,-0.42716378162450064,-0.40150250417362265,-0.43379836799157667,-0.5042636552200968,Hindalco Inds.,1549.0
1586447702000,167.1,2020-04-09,0.06297709923664119,0.2073699421965316,0.35853658536585353,-0.10617812249264502,-0.2508406186953599,-0.23260619977037889,-0.18527547537786448,-0.19275362318840583,-0.30964676719686024,-0.2925486875529213,UFLEX,1172.0
1586447993000,91.8,2020-04-09,0.05034324942791746,0.01436464088397793,0.14179104477611926,-0.24537607891491986,-0.4454847478103292,-0.5635845020204422,-0.5526315789473684,-0.5838621940163191,-0.6470588235294118,-0.689707622105797,Canara Bank,6218.0
1586448060000,20.15,2020-04-09,0.11325966850828717,0.07180851063829774,0.052219321148825104,-0.3382594417077176,-0.512696493349456,-0.6540772532188841,-0.6385650224215247,-0.64049955396967,-0.799502487562189,-0.8178119349005425,NCC,2583.0
1586448060000,815.55,2020-04-09,0.03733146781989305,0.11436769829883153,0.3412548310171861,-0.24820243362831862,-0.2532277263986814,-0.31382777333725975,-0.3064461263712902,-0.052512343886145896,-0.20754991983675863,-0.3730155679415722,Bombay Burmah,587.0
1586448060000,13.35,2020-04-09,0.19946091644204844,0.4833333333333334,0.5170454545454544,0.059523809523809534,-0.20298507462686566,-0.272082878953108,-0.08373369938229247,0.8163265306122449,-0.1425818882466282,-0.3404150197628458,Patel Engineering Co.,2876.0
1586448060000,158.0,2020-04-09,0.010876519513755456,0.13424264178033019,0.34125636672325976,-0.23579201934703753,-0.34221482098251454,-0.2472606002858504,-0.0963683156991707,-0.16556641140744655,-0.2932229926191009,-0.22776148582600197,Aegis Logistics,87.0
1586447933000,16935.3,2020-04-09,0.0542425742111996,-0.03482490660450743,-0.002632508833922298,-0.22528893900545066,-0.28937629030363043,-0.2823554089357564,-0.1329348368681762,-0.08556695464362851,-0.17544841957660628,-0.08454868806555904,Shree Cement,3589.0
1586448060000,1380.0,2020-04-09,-0.0002535588799941202,0.1799410029498525,0.36904761904761907,-0.09000989119683478,-0.10543545198197912,-0.10471000389256524,-0.03769045709703289,0.25403244127402425,0.15119916579770587,0.30688006060893036,PI Industries,2806.0
1586448060000,550.75,2020-04-09,0.029439252336448618,-0.03723450747312296,0.008884411064297604,-0.32018761957662156,-0.36248408380599606,-0.3298247748844001,-0.22939694976913394,-0.1956331239959107,-0.13410895369860854,-0.17273751408186255,Phoenix Mills,2928.0
1586448060000,266.35,2020-04-09,0.1026702546056717,0.25105683419445746,0.4695172413793105,-0.08297469443966243,-0.28716713501940305,-0.09435566133968032,0.1620855148342062,0.40814168649220206,0.13873450192389924,-0.05027634159386685,India Glycols,1672.0
